date,open,high,low,close,volume
2023-02-07,84565.620110771,84616.35948283745,84514.88073870452,84565.620110771,8456.562
2023-02-08,84565.620110771,84616.35948283745,84106.3790057841,84156.8731296619,8047.815
2023-02-09,84156.8731296619,84803.08738990976,84106.3790057841,84752.2360482808,9011.0502
2023-02-10,84752.2360482808,85256.89513701093,84701.38470665182,85205.77167400652,8928.7592
2023-02-13,85205.77167400652,86528.5184710542,85154.64821100212,86476.63249155927,9791.438
2023-02-14,86476.63249155927,87021.04138073325,86424.74651206433,86968.86006469444,9139.8908
2023-02-15,86968.86006469444,87697.64745113962,86916.67874865561,87645.0604148907,9373.0864
2023-02-16,87645.0604148907,90865.05052409467,87592.47337864176,90810.56418558332,11930.0098
2023-02-17,90810.56418558332,90925.224804824,90756.07784707197,90870.70238339397,9141.1946
2023-02-20,90870.70238339397,91336.18657046217,90816.17996196394,91281.41771983028,9497.7856
2023-02-21,91281.41771983028,91422.1180757111,91226.64886919838,91367.29769709284,9214.0217
2023-02-22,91367.29769709284,91422.1180757111,90010.00154124004,90064.03996521917,7833.472
2023-02-23,90064.03996521917,90118.0783891983,89076.64728753908,89130.12536275673,8072.4894
2023-02-24,89130.12536275673,89183.60343797438,87422.45180967971,87474.93677174277,7257.8239
2023-02-27,87474.93677174277,87527.42173380581,86212.05217433973,86263.81046061609,7536.3674
2023-02-28,86263.81046061609,86315.56874689246,85153.89007851975,85205.01308637157,7567.5837
2023-03-01,85205.01308637157,85925.33051207563,85153.89007851975,85873.80622833862,9189.2945
2023-03-02,85873.80622833862,86673.10365665129,85822.28194460162,86621.13097806447,9334.7054
2023-03-03,86621.13097806447,86705.95895972197,86569.15829947763,86653.96657977412,8694.9487
2023-03-06,86653.96657977412,87550.14984328883,86601.97419982625,87497.65125253731,9509.0813
2023-03-07,87497.65125253731,88127.17069168488,87445.15266178579,88074.32609602727,9326.44
2023-03-08,88074.32609602727,88127.17069168488,86399.96465762299,86451.83575907844,7184.9423
2023-03-09,86451.83575907844,86503.70686053389,85321.96245870307,85373.18637052539,7566.5342
2023-03-10,85373.18637052539,85424.4102823477,84880.4271459912,84931.38597757775,8095.5182
2023-03-13,84931.38597757775,84982.3448091643,84780.95204432616,84831.85115501918,8393.6038
2023-03-14,84831.85115501918,85724.24183035234,84780.95204432616,85672.83812747586,9324.1721
2023-03-15,85672.83812747586,85724.24183035234,85238.19329217597,85289.36691232337,8183.8126
2023-03-16,85289.36691232337,85340.54053247075,85159.72746473504,85210.85397712133,8450.4238
2023-03-17,85210.85397712133,86472.71391644326,85159.72746473504,86420.8613996035,9731.0928
2023-03-20,86420.8613996035,88406.95980421029,86369.00888276374,88353.94743574885,10575.1722
2023-03-21,88353.94743574885,88502.0901535101,88300.9350672874,88449.02074106547,8930.468
2023-03-22,88449.02074106547,89236.12985808705,88395.95132862082,89182.6202859155,9578.5016
2023-03-23,89182.6202859155,90525.44371017428,89129.11071374395,90471.16101356615,10206.8028
2023-03-24,90471.16101356615,92226.6363258987,90416.878316958,92171.33352578324,10747.2886
2023-03-27,92171.33352578324,94410.65176653078,92116.03072566776,94354.03934292503,11399.8392
2023-03-28,94354.03934292503,95017.74017710323,94297.42691931926,94960.76371887191,10042.1283
2023-03-29,94960.76371887191,95332.9105477217,94903.78726064059,95275.7451006613,9811.0578
2023-03-30,95275.7451006613,95332.9105477217,95137.8672101012,95194.98420062158,9446.8136
2023-03-31,95194.98420062158,95265.53844697138,95137.8672101012,95208.41339893203,9532.9276
2023-04-03,95208.41339893203,98276.44318282045,95151.28835089266,98217.51267521533,12529.9406
2023-04-04,98217.51267521533,101702.46202275515,98158.58216761019,101641.47713647327,13245.7157
2023-04-06,101641.47713647327,103472.23193969367,101580.49225019138,103410.18582819676,11932.8564
2023-04-07,103410.18582819676,103671.35234696406,103348.13971669984,103609.18683486315,10540.0196
2023-04-10,103609.18683486315,105567.40584445487,103547.02132276223,105504.10338242543,12255.8352
2023-04-11,105504.10338242543,105848.99325645877,105440.80092039597,105785.5219432928,10831.8289
2023-04-12,105785.5219432928,106592.37171121307,105722.05063012682,106528.45463843002,11321.4849
2023-04-13,106528.45463843002,107308.44812406815,106464.53756564696,107244.10166307031,11368.4925
2023-04-14,107244.10166307031,107734.6550305085,107179.75520207247,107670.05299870927,11150.3615
2023-04-17,107670.05299870927,108176.34244940628,107605.45096691004,108111.47556406785,11208.4279
2023-04-18,108111.47556406785,108176.34244940628,107835.39091552918,107900.13099412566,10599.803
2023-04-19,107900.13099412566,108001.13932916138,107835.39091552918,107936.37750265979,10826.2596
2023-04-20,107936.37750265979,108594.71629091808,107871.61567615818,108529.598531799,11386.8588
2023-04-21,108529.598531799,109921.22578236708,108464.48077267992,109855.3125948102,12178.6739
2023-04-24,109855.3125948102,109921.22578236708,109637.24417009215,109703.06600969797,10833.2847
2023-04-25,109703.06600969797,110138.13898584282,109637.24417009215,110072.09572840578,11339.3363
2023-04-26,110072.09572840578,110353.26696768164,110006.05247096873,110287.09471085513,11222.2086
2023-04-27,110287.09471085513,110353.26696768164,109641.2962750115,109707.1205473399,10448.7353
2023-04-28,109707.1205473399,109971.21744752988,109641.2962750115,109905.27428296012,11168.8658
2023-05-04,109905.27428296012,110698.23618213633,109839.33111839034,110631.8570678956,11717.1102
2023-05-05,110631.8570678956,110698.23618213633,110214.32647808608,110280.49477495105,10711.8234
2023-05-08,110280.49477495105,110687.88003724672,110214.32647808608,110621.50713296694,11369.0618
2023-05-09,110621.50713296694,111844.3508431069,110555.13422868717,111777.28447242346,12217.9281
2023-05-10,111777.28447242346,111844.3508431069,110733.27309701085,110799.75294878012,10200.1969
2023-05-11,110799.75294878012,110866.23280054938,108613.63597355649,108678.84327952421,8959.0656
2023-05-12,108678.84327952421,108744.05058549192,106227.98770454846,106291.76276220579,8480.8038
2023-05-15,106291.76276220579,106355.53781986311,104982.59735809913,105045.6247329389,9383.0382
2023-05-16,105045.6247329389,105108.65210777866,103141.86448925584,103203.78676131263,8662.7245
2023-05-17,103203.78676131263,103265.7090333694,100637.03868252868,100697.45715682278,7814.0491
2023-05-18,100697.45715682278,100757.87563111687,99367.2690820346,99426.92523717691,8799.2138
2023-05-19,99426.92523717691,99486.5813923192,97905.0822107501,97963.86052706634,8479.6278
2023-05-22,97963.86052706634,98022.63884338258,96064.21252181118,96121.8856532031,7954.4112
2023-05-23,96121.8856532031,96179.55878459502,94110.98796602534,94167.4884591008,7657.7914
2023-05-24,94167.4884591008,94223.98895217625,92722.02748131855,92777.69409777722,8026.9545
2023-05-25,92777.69409777722,92833.36071423588,92014.09133649705,92069.33293625881,8569.4082
2023-05-26,92069.33293625881,92124.57453602056,91012.80780830437,91067.44827727073,8205.0486
2023-05-29,91067.44827727073,91223.55869992194,91012.80780830437,91168.85738549064,9208.1539
2023-05-30,91168.85738549064,91438.92328954938,91114.15607105935,91384.09283384908,9332.1212
2023-05-31,91384.09283384908,91688.47379119306,91329.26237814876,91633.49369497607,9387.8101
2023-06-01,91633.49369497607,92391.36665417616,91578.51359875909,92335.96507513108,9865.8207
2023-06-02,92335.96507513108,92564.16662556789,92280.563496086,92508.66142871066,9406.2929
2023-06-05,92508.66142871066,92564.16662556789,91940.33683775294,91995.53415824789,8737.7389
2023-06-06,91995.53415824789,92225.85438833224,91940.33683775294,92170.55205709799,9374.5713
2023-06-07,92170.55205709799,92225.85438833224,91043.95646339511,91098.61563277477,8145.1188
2023-06-08,91098.61563277477,91153.27480215444,90529.58215261572,90583.932512123,8595.1784
2023-06-09,90583.932512123,91477.29844186414,90529.58215261572,91422.44497487922,9896.9057
2023-06-12,91422.44497487922,91989.92739954415,91367.59150789429,91934.76653962038,9654.5661
2023-06-13,91934.76653962038,92219.782014425,91879.6056796966,92164.48332443034,9423.1934
2023-06-14,92164.48332443034,93009.98110138316,92109.18463443569,92954.20857623743,10006.1736
2023-06-15,92954.20857623743,94439.99861612507,92898.43605109169,94383.3685949681,10724.5809
2023-06-16,94383.3685949681,95679.46049103569,94326.7385738111,95622.08723869247,10677.0555
2023-06-19,95622.08723869247,97185.4053243944,95564.71398634925,97127.12904696623,11067.2505
2023-06-20,97127.12904696623,98373.37282680727,97068.85276953805,98314.38419628951,10899.9681
2023-06-21,98314.38419628951,98761.96094842078,98255.39556577173,98702.73930483787,10219.7935
2023-06-26,98702.73930483787,98761.96094842078,98545.74684259779,98604.90978847088,9772.4444
2023-06-27,98604.90978847088,98664.07273434395,97096.7649301827,97155.05796496168,8410.6392
2023-06-28,97155.05796496168,97213.35099974065,96264.3774145902,96322.17071702042,8882.6185
2023-06-29,96322.17071702042,96379.96401945062,95282.96307024633,95340.16717054867,8650.2135
2023-06-30,95340.16717054867,95397.37127085098,94935.37351020126,94992.3689315602,9186.2185
2023-07-03,94992.3689315602,95796.43478590382,94935.37351020126,95738.99139106918,10245.8594
2023-07-04,95738.99139106918,95796.43478590382,95400.50479278238,95457.77946045865,9292.6872
2023-07-05,95457.77946045865,95515.05412813491,94533.11664402108,94589.8705663609,8677.8691
2023-07-06,94589.8705663609,94646.6244887007,93273.06995985593,93329.06740029612,8198.1839
2023-07-07,93329.06740029612,93385.06484073629,91939.05313760306,91994.2496874155,7998.089
2023-07-10,91994.2496874155,92049.44623722795,90354.28116337657,90408.52627914406,7613.7016
2023-07-11,90408.52627914406,90462.77139491154,89050.38057742635,89103.84288315625,7736.1692
2023-07-12,89103.84288315625,89366.22689209034,89050.38057742635,89312.63930850524,9119.1807
2023-07-13,89312.63930850524,89643.05546288886,89259.05172492014,89589.30188175982,9207.9265
2023-07-14,89589.30188175982,89910.03995762816,89535.54830063076,89856.12628185905,9225.7546
2023-07-17,89856.12628185905,89910.03995762816,88842.94088666142,88896.27865385375,8025.765
2023-07-18,88896.27865385375,88949.61642104606,87725.26979624445,87777.93655817937,7771.2858
2023-07-19,87777.93655817937,87830.60332011427,85973.07306585298,86024.68787858014,7024.545
2023-07-20,86024.68787858014,86076.30269130728,85227.25206650065,85278.41911797143,7856.2
2023-07-21,85278.41911797143,85329.5861694422,83809.83201512488,83860.14810398727,7109.5709
2023-07-24,83860.14810398727,83910.46419284966,82014.12957647083,82063.36759702905,6589.2343
2023-07-25,82063.36759702905,83388.25437853867,82014.12957647083,83338.25142768206,9481.2206
2023-07-26,83338.25142768206,83388.25437853867,82876.2500548264,82926.00565822134,7921.5794
2023-07-27,82926.00565822134,82975.76126161627,82384.13875295913,82433.59891230652,7800.1938
2023-07-28,82433.59891230652,83723.51031815168,82384.13875295913,83673.30633435107,9483.0673
2023-07-31,83673.30633435107,86409.73418504541,83623.10235055046,86357.91943338538,11051.9437
2023-08-01,86357.91943338538,87341.28266925031,86306.10468172535,87288.90932365613,9566.7818
2023-08-02,87288.90932365613,87341.28266925031,86868.01740960931,86920.16951131611,8360.1511
2023-08-03,86920.16951131611,86972.3216130229,86504.9706426689,86556.90478554022,8328.7522
2023-08-04,86556.90478554022,88445.85176002682,86504.9706426689,88392.8160703846,10491.6018
2023-08-07,88392.8160703846,88507.37341076449,88339.78038074236,88454.30083026634,8900.7664
2023-08-08,88454.30083026634,88507.37341076449,87545.25993966099,87597.8186308395,7988.9479
2023-08-09,87597.8186308395,87650.37732201799,86152.08329796184,86203.80558131063,7365.7688
2023-08-10,86203.80558131063,86255.52786465941,84474.05909322071,84524.77395759527,6941.3489
2023-08-11,84524.77395759527,84575.48882196982,83656.98234538242,83707.20666938406,7634.9101
2023-08-14,83707.20666938406,83757.43099338569,82706.43878788484,82756.09244335085,7419.6064
2023-08-15,82756.09244335085,82805.74609881685,81496.5187509831,81545.44601859426,7064.9628
2023-08-16,81545.44601859426,81594.37328620542,80384.97787677904,80433.23781947073,7042.3364
2023-08-17,80433.23781947073,80481.4977621624,79740.2341746803,79788.10703890365,7398.193
2023-08-18,79788.10703890365,79835.97990312698,79208.48154594885,79256.03516704908,7446.7388
2023-08-21,79256.03516704908,79303.5887881493,78066.18455068901,78113.05238211829,6782.6207
2023-08-22,78113.05238211829,78532.63252801192,78066.18455068901,78485.54120328995,8183.7941
2023-08-23,78485.54120328995,78532.63252801192,77649.52987659397,77696.14756513305,7059.1605
2023-08-24,77696.14756513305,77830.51595354803,77649.52987659397,77783.84564616035,7857.3128
2023-08-25,77783.84564616035,77830.51595354803,77621.78066714961,77668.38169616731,7662.9206
2023-08-28,77668.38169616731,81216.73090750455,77621.78066714961,81168.03008945088,11266.4866
2023-08-29,81168.03008945088,83472.33947776395,81119.3292713972,83422.28610610029,10371.059
2023-08-30,83422.28610610029,84974.50565228247,83372.23273443662,84923.55152136966,9843.494
2023-08-31,84923.55152136966,84974.50565228247,84672.36196607823,84723.1958836084,8291.9995
2023-09-01,84723.1958836084,84774.02980113856,83654.2738048593,83704.49650276096,7453.6202
2023-09-04,83704.49650276096,84233.17182665585,83654.2738048593,84182.66222931826,8848.6154
2023-09-05,84182.66222931826,84233.17182665585,83752.67837400157,83802.96015009163,8038.5641
2023-09-06,83802.96015009163,83853.24192618168,83085.58162273587,83135.46290047617,7712.7988
2023-09-07,83135.46290047617,83185.34417821644,82440.76918012077,82490.26333812365,7668.3467
2023-09-08,82490.26333812365,82539.75749612652,81010.69378607806,81059.32938370829,6818.0924
2023-09-11,81059.32938370829,81413.80817904619,81010.69378607806,81364.98918553487,8411.5927
2023-09-12,81364.98918553487,81413.80817904619,80263.38539158109,80311.57233498208,7083.0821
2023-09-13,80311.57233498208,80359.75927838306,79214.74185299304,79262.29923253256,6981.8841
2023-09-14,79262.29923253256,79309.85661207208,77947.92844376875,77994.72527893611,6658.656
2023-09-15,77994.72527893611,78041.52211410347,77366.14622465686,77412.59378092541,7217.341
2023-09-18,77412.59378092541,77459.04133719396,76610.79464221699,76656.78871544627,6985.4543
2023-09-19,76656.78871544627,76702.78278867553,75295.55492319005,75340.75937881734,6349.6495
2023-09-20,75340.75937881734,75385.96383444463,73495.18532159965,73539.30890694383,5732.6255
2023-09-21,73539.30890694383,73583.43249228799,71932.4568657318,71975.64225108245,5790.2642
2023-09-22,71975.64225108245,72476.12132298366,71932.4568657318,72432.6617259481,7654.5837
2023-09-25,72432.6617259481,72476.12132298366,72325.09143640542,72368.51254393178,7179.117
2023-09-26,72368.51254393178,72411.93365145814,71744.79564736575,71787.86836838679,6656.2071
2023-09-27,71787.86836838679,71830.94108940782,71731.3559290048,71774.42058135361,7165.339
2023-09-28,71774.42058135361,71817.48523370242,71725.81583515389,71768.87716145076,7171.8986
2023-10-09,71768.87716145076,72335.24593674183,71725.81583515389,72291.87081425329,7699.8814
2023-10-10,72291.87081425329,72853.06055799978,72248.49569176474,72809.37493303996,7746.6912
2023-10-11,72809.37493303996,73960.1375420624,72765.68930808014,73915.78806922087,8387.3506
2023-10-12,73915.78806922087,74882.08028242007,73871.43859637933,74837.1779756347,8312.9687
2023-10-13,74837.1779756347,75483.110797313,74792.27566884931,75437.84808845993,8084.3879
2023-10-16,75437.84808845993,76069.05875769166,75392.58537960684,76023.44469087714,8129.3814
2023-10-17,76023.44469087714,76069.05875769166,75729.25058268366,75774.71541193083,7353.6152
2023-10-18,75774.71541193083,75909.26075686795,75729.25058268366,75863.74251136114,7666.4986
2023-10-19,75863.74251136114,76450.0539144869,75818.22426585433,76404.21138765432,8126.8431
2023-10-20,76404.21138765432,76450.0539144869,76035.35097087482,76080.99957061719,7317.2093
2023-10-23,76080.99957061719,76126.64817035955,75638.68738553682,75684.09784424337,7211.1982
2023-10-24,75684.09784424337,76202.00078430449,75638.68738553682,76156.30700010443,8040.6189
2023-10-25,76156.30700010443,77324.8074552514,76110.61321590436,77278.44039101679,8737.7641
2023-10-26,77278.44039101679,78021.86407739099,77232.07332678218,77975.07902997301,8424.4827
2023-10-27,77975.07902997301,79869.34342947199,77928.29398255503,79821.45055913652,9643.8794
2023-10-30,79821.45055913652,82269.7023735197,79773.55768880103,82220.37015142886,10381.0646
2023-10-31,82220.37015142886,83231.45390324753,82171.037929338,83181.54497626178,9183.2118
2023-11-01,83181.54497626178,83231.45390324753,82932.9244943695,82982.7141228432,8119.3236
2023-11-02,82982.7141228432,83032.50375131691,82302.82753808891,82352.23888141777,7667.7962
2023-11-03,82352.23888141777,82401.65022474661,82163.15893106624,82212.48642291999,8095.4714
2023-11-06,82212.48642291999,84683.90236430998,82163.15893106624,84633.1224908155,10641.8847
2023-11-07,84633.1224908155,86151.46576348782,84582.342617321,86099.80587995985,9929.9956
2023-11-08,86099.80587995985,87908.69571940594,86048.14599643188,87855.98213012787,10366.1568
2023-11-09,87855.98213012787,88748.05573815158,87803.2685408498,88694.83883485069,9624.4549
2023-11-10,88694.83883485069,88748.05573815158,88046.95540885597,88099.8152980348,8274.4603
2023-11-13,88099.8152980348,88152.67518721361,87922.86894045759,87975.65433305742,8685.8206
2023-11-14,87975.65433305742,88165.84509333635,87922.86894045759,88112.97730695219,8934.8884
2023-11-15,88112.97730695219,89255.8300240906,88060.10952056802,89202.30863890726,9900.6291
2023-11-16,89202.30863890726,89255.8300240906,88735.27671124395,88788.54984114863,8506.4721
2023-11-17,88788.54984114863,88841.82297105332,88123.2433854932,88176.14907493816,8266.4542
2023-11-20,88176.14907493816,88685.13595809156,88123.2433854932,88631.95678402115,9273.4226
2023-11-21,88631.95678402115,89803.34374489472,88578.77760995073,89749.49404846565,9980.7329
2023-11-22,89749.49404846565,89803.34374489472,89475.19246329187,89528.90980917738,8754.3652
2023-11-23,89528.90980917738,89582.62715506287,88764.7619532397,88818.05278491064,8242.034
2023-11-24,88818.05278491064,88871.34361658158,88016.33795509531,88069.17946277298,8132.932
2023-11-27,88069.17946277298,88122.02097045064,87497.74850002317,87550.27866722351,8288.0172
2023-11-28,87550.27866722351,87602.80883442383,86471.01366088603,86522.92741733644,7727.6766
2023-11-29,86522.92741733644,86574.84117378683,85569.7787801872,85621.15147106985,7750.5168
2023-11-30,85621.15147106985,85672.52416195249,84743.02597859724,84793.90231998924,7734.866
2023-12-01,84793.90231998924,84844.77866138123,84605.04900411336,84655.84250961913,8341.3304
2023-12-04,84655.84250961913,84752.7577160164,84605.04900411336,84701.93655408395,8511.6783
2023-12-05,84701.93655408395,84752.7577160164,84405.9726831994,84456.64667120214,8224.9038
2023-12-06,84456.64667120214,84507.32065920485,84130.85752901889,84181.36634882819,8170.3843
2023-12-07,84181.36634882819,84231.87516863747,83915.01590278227,83965.39513986619,8202.1654
2023-12-08,83965.39513986619,85237.41203510962,83915.01590278227,85186.30025495666,9617.4446
2023-12-11,85186.30025495666,85834.11534415843,85135.18847480368,85782.64575670441,9114.9755
2023-12-12,85782.64575670441,85834.11534415843,85028.28791498061,85079.33551629039,7874.9543
2023-12-13,85079.33551629039,85130.38311760015,84206.28529629389,84256.83939993386,7685.4374
2023-12-14,84256.83939993386,84307.39350357381,83150.99615150866,83200.91670152958,7369.7612
2023-12-15,83200.91670152958,83250.83725155049,82163.57123222023,82212.8989716032,7332.0739
2023-12-18,82212.8989716032,82262.22671098616,80869.51142030481,80918.06225765942,6926.4532
2023-12-19,80918.06225765942,80966.613095014,79206.46935403025,79254.02176709051,6427.7657
2023-12-20,79254.02176709051,79301.57418015075,77918.12409146289,77964.90303328286,6636.2834
2023-12-21,77964.90303328286,78011.68197510282,77446.78645290353,77493.28242235695,7324.8697
2023-12-22,77493.28242235695,77584.90802033465,77446.78645290353,77538.38498934105,7794.4308
2023-12-25,77538.38498934105,77584.90802033465,75820.15148180794,75865.67088433856,6081.1244
2023-12-26,75865.67088433856,75911.19028686915,74333.2328664287,74377.85958217802,6098.7558
2023-12-27,74377.85958217802,74422.48629792732,73264.43625798002,73308.42131076648,6368.3477
2023-12-28,73308.42131076648,74866.65984424311,73264.43625798002,74821.76678417262,8844.1876
2023-12-29,74821.76678417262,75611.048674118,74776.87372410212,75565.70924856888,8226.1191
2024-01-02,75565.70924856888,75932.44173417622,75520.36982301973,75886.90958842316,7877.7713
2024-01-03,75886.90958842316,75932.44173417622,75627.52580576882,75672.92956350693,7374.7109
2024-01-04,75672.92956350693,75718.33332124502,74795.04980481051,74839.95377707676,6734.3172
2024-01-05,74839.95377707676,74884.857749343,74674.16680461103,74718.99820353315,7363.0398
2024-01-08,74718.99820353315,74763.82960245527,73778.82550269416,73823.11937431876,6576.021
2024-01-09,73823.11937431876,73867.41324594335,73139.55408166378,73183.46416015989,6742.6567
2024-01-10,73183.46416015989,73227.37423865598,72291.90906068198,72335.31024683008,6470.1925
2024-01-11,72335.31024683008,72378.71143297818,72179.20556059077,72222.5390840412,7120.7599
2024-01-12,72222.5390840412,72265.87260749162,71723.88378960412,71766.94395597771,6766.6588
2024-01-15,71766.94395597771,71810.0041223513,70657.0649818035,70699.48467260707,6109.2351
2024-01-16,70699.48467260707,70741.90436341063,70435.60064406175,70477.88737648765,6848.3512
2024-01-17,70477.88737648765,70520.17410891353,69763.51394139619,69805.39717970401,6375.2985
2024-01-18,69805.39717970401,71515.64684480471,69763.51394139619,71472.76318689258,8647.9057
2024-01-19,71472.76318689258,71515.64684480471,70948.98612774718,70991.58107639302,6666.0942
2024-01-22,70991.58107639302,71876.20377081077,70948.98612774718,71833.1039084657,7940.6809
2024-01-23,71833.1039084657,71876.20377081077,71649.1976279896,71692.21295576307,7042.4194
2024-01-24,71692.21295576307,72235.85373986544,71649.1976279896,72192.53821693528,7669.5466
2024-01-25,72192.53821693528,73931.9474072165,72149.22269400512,73887.61483831352,8914.3304
2024-01-26,73887.61483831352,74830.66179343525,73843.28226941053,74785.79031924371,8286.937
2024-01-29,74785.79031924371,75404.65366462387,74740.91884505216,75359.43800182278,8052.2267
2024-01-30,75359.43800182278,75404.65366462387,74415.21927667818,74459.89521380646,6636.401
2024-01-31,74459.89521380646,74641.21664054385,74415.21927667818,74596.45876528468,7582.5531
2024-02-01,74596.45876528468,74641.21664054385,74122.30713749019,74166.80722182328,7029.9943
2024-02-02,74166.80722182328,74851.88294363848,74122.30713749019,74806.99874439185,8056.8722
2024-02-05,74806.99874439185,76145.7605421811,74762.11454514522,76100.10048189198,8773.8016
2024-02-06,76100.10048189198,77799.99200844817,76054.44042160283,77753.3400044455,9263.2496
2024-02-07,77753.3400044455,80245.45633539461,77706.68800044284,80197.33793263504,10219.3319
2024-02-08,80197.33793263504,82401.6398791397,80149.21952987545,82352.22854201449,10174.6244
2024-02-19,82352.22854201449,83740.0989986351,82302.81720488927,83689.88506759456,9572.8794
2024-02-20,83689.88506759456,83740.0989986351,83165.44568476576,83215.3749097116,7894.4783
2024-02-21,83215.3749097116,84747.16354809137,83165.44568476576,84696.34574064698,9802.5083
2024-02-22,84696.34574064698,84747.16354809137,84399.92499984341,84450.59535705765,8223.8842
2024-02-23,84450.59535705765,85276.23900635034,84399.92499984341,85225.10394398395,9219.5681
2024-02-26,85225.10394398395,86645.55345541683,85173.96888161756,86593.5972970386,9891.0037
2024-02-27,86593.5972970386,87886.9829665103,86541.64113866037,87834.28239707206,9900.0448
2024-02-28,87834.28239707206,92672.96852065437,87781.58182763381,92617.3980818053,13566.5439
2024-02-29,92617.3980818053,93938.57466951241,92561.82764295621,93882.24532231902,10526.587
2024-03-01,93882.24532231902,95103.49547407773,93825.91597512562,95046.46759352162,10552.4468
2024-03-04,95046.46759352162,96370.63958266377,94989.43971296551,96312.85187154086,10771.031
2024-03-05,96312.85187154086,97410.48029726114,96255.06416041793,97352.06905582764,10670.5024
2024-03-06,97352.06905582764,97410.48029726114,96876.52334311853,96934.68415361071,9317.822
2024-03-07,96934.68415361071,97116.07159973496,96876.52334311853,97057.83689759641,9816.6212
2024-03-08,97057.83689759641,97116.07159973496,95900.74621494958,95958.32120767419,8606.268
2024-03-11,95958.32120767419,96478.46082447145,95900.74621494958,96420.60845939582,10058.1194
2024-03-12,96420.60845939582,98291.24031612191,96362.75609432018,98232.30093556058,11453.7533
2024-03-13,98232.30093556058,99016.16790692348,98173.36155499924,98956.79383062512,10547.723
2024-03-14,98956.79383062512,99193.0563280502,98897.41975432674,99133.5761823408,10072.4617
2024-03-15,99133.5761823408,99193.0563280502,98606.56949490911,98665.76895628289,9445.5504
2024-03-18,98665.76895628289,100238.3441485238,98606.56949490911,100178.23720620008,11379.0451
2024-03-19,100178.23720620008,101000.38241767486,100118.13026387636,100939.81852655893,10779.405
2024-03-20,100939.81852655893,101000.38241767486,100785.17199717062,100845.6794048135,9999.8427
2024-03-21,100845.6794048135,101499.650391117,100785.17199717062,101438.7871188457,10677.6757
2024-03-22,101438.7871188457,102329.32931944929,101377.9238465744,102267.9685383263,10973.0601
2024-03-25,102267.9685383263,102536.99582817162,102206.6077572033,102475.51052185852,10434.3388
2024-03-26,102475.51052185852,102536.99582817162,101727.17777916307,101788.25072960084,9560.2913
2024-03-27,101788.25072960084,101849.3236800386,100437.72264184353,100498.02145471636,8888.5958
2024-03-28,100498.02145471636,100558.32026758918,99710.93345265191,99770.79593021004,9322.5766
2024-03-29,99770.79593021004,99830.65840776816,98320.63119039519,98379.65898578666,8585.9426
2024-04-01,98379.65898578666,98594.17719917689,98320.63119039519,98535.05616547761,9993.3631
2024-04-02,98535.05616547761,98594.17719917689,98299.06124873855,98358.07609439519,9676.5255
2024-04-03,98358.07609439519,98417.09094005181,97643.04188205041,97701.66287977829,9179.3944
2024-04-08,97701.66287977829,97760.28387750615,97186.87670764331,97245.2238419485,9313.7273
2024-04-09,97245.2238419485,97303.57097625366,95426.90359220919,95484.19410867439,7963.4927
2024-04-10,95484.19410867439,95541.4846251396,94179.1800173504,94235.72145022053,8299.9468
2024-04-11,94235.72145022053,94292.26288309066,92884.39360185293,92940.15769647082,8128.0084
2024-04-12,92940.15769647082,92995.9217910887,91692.87040355563,91747.91915504866,8101.7772
2024-04-15,91747.91915504866,92600.12393966278,91692.87040355563,92544.59718135397,9971.4699
2024-04-16,92544.59718135397,92817.08297761728,92489.07042304515,92761.42612194411,9471.2887
2024-04-17,92761.42612194411,92817.08297761728,92614.37630102277,92669.97828799557,9184.6948
2024-04-18,92669.97828799557,92954.95253762936,92614.37630102277,92899.21300982348,9496.2326
2024-04-19,92899.21300982348,92954.95253762936,92157.32221203503,92212.64980191618,8603.3581
2024-04-22,92212.64980191618,92267.97739179732,91157.36829826544,91212.0955555988,8220.7107
2024-04-23,91212.0955555988,91266.82281293215,89790.43140602855,89844.33800883386,7753.452
2024-04-24,89844.33800883386,89898.24461163915,88760.08330030071,88813.37132309457,7953.4671
2024-04-25,88813.37132309457,88866.65934588842,87622.38638686706,87674.99138169608,7742.9572
2024-04-26,87674.99138169608,89825.13753856288,87622.38638686706,89771.27477369866,10863.7825
2024-04-29,89771.27477369866,92961.2009201351,89717.41200883444,92905.45764554778,12111.3103
2024-04-30,92905.45764554778,93977.7573941473,92849.71437096044,93921.40455141645,10306.4927
2024-05-06,93921.40455141645,95611.1901220758,93865.0517086856,95553.85780739137,11024.5937
2024-05-07,95553.85780739137,95742.82334621515,95496.52549270693,95685.41209895579,9686.9401
2024-05-08,95685.41209895579,95742.82334621515,94703.84718228238,94760.70360444505,8643.8327
2024-05-09,94760.70360444505,94817.56002660771,94239.21454405565,94295.79201926722,9011.1588
2024-05-10,94295.79201926722,94352.36949447877,93935.14284852447,93991.53777118718,9125.325
2024-05-13,93991.53777118718,94047.93269384989,93633.36840981567,93689.58215911113,9097.1982
2024-05-14,93689.58215911113,93745.7959084066,92510.70278520751,92566.24253072595,8245.6186
2024-05-15,92566.24253072595,92621.78227624438,90865.77774152256,90920.32993948626,7610.7117
2024-05-16,90920.32993948626,90974.88213744994,90251.99563817032,90306.1793457778,8477.8824
2024-05-17,90306.1793457778,90360.36305338526,90095.10888843298,90149.19840747747,8873.637
2024-05-20,90149.19840747747,91143.36907238368,90095.10888843298,91088.71584287795,9954.4373
2024-05-21,91088.71584287795,91143.36907238368,89918.31738710543,89972.30076756598,7992.4565
2024-05-22,89972.30076756598,90026.2841480265,89234.34009224518,89287.91283994916,8312.8421
2024-05-23,89287.91283994916,89341.48558765312,88782.85207011079,88836.15376236822,8477.0322
2024-05-24,88836.15376236822,88889.45545462564,87539.22582719347,87591.78089573092,7639.2425
2024-05-27,87591.78089573092,87644.33596426835,86528.72174584621,86580.67014793497,7748.0673
2024-05-28,86580.67014793497,86632.61855002373,85288.65048112776,85339.85439376402,7417.2513
2024-05-29,85339.85439376402,85391.05830640027,83839.44436706074,83889.77823400115,7083.9093
2024-05-30,83889.77823400115,83940.11210094154,82684.04235493806,82733.68256447675,7232.8822
2024-05-31,82733.68256447675,82783.32277401544,81560.93707127674,81609.9030130846,7149.5887
2024-06-03,81609.9030130846,81804.95335024437,81560.93707127674,81755.89981035815,8306.9871
2024-06-04,81755.89981035815,81804.95335024437,80988.81671990515,81037.4391834152,7457.1294
2024-06-05,81037.4391834152,81086.06164692524,79771.59467602892,79819.48636784963,6885.7911
2024-06-06,79819.48636784963,80345.03724663673,79771.59467602892,80296.85913115804,8459.3214
2024-06-07,80296.85913115804,80345.03724663673,79387.83203624253,79435.49333224188,7168.3201
2024-06-11,79435.49333224188,79483.15462824122,78474.11093538323,78521.22366958499,7029.2797
2024-06-12,78521.22366958499,78568.33640378673,77541.75379468854,77588.3067787558,6919.2055
2024-06-13,77588.3067787558,77634.85976282305,77307.88922770627,77354.30180879156,7524.8257
2024-06-14,77354.30180879156,78146.68083394009,77307.88922770627,78099.82094137526,8480.9493
2024-06-17,78099.82094137526,78146.68083394009,77759.22805406294,77805.91160102356,7516.0728
2024-06-18,77805.91160102356,77852.59514798418,77349.21566529963,77395.65305713392,7370.3326
2024-06-19,77395.65305713392,77442.0904489682,76657.55980509489,76703.58195426746,7047.4942
2024-06-20,76703.58195426746,76749.60410344001,76231.38912951121,76277.15542276487,7243.9317
2024-06-21,76277.15542276487,76322.92171601852,74800.50789222305,74845.41514130784,6195.9753
2024-06-24,74845.41514130784,74890.32239039261,74272.4105374093,74317.00073785202,6956.1271
2024-06-25,74317.00073785202,74361.59093829473,73323.23349039839,73367.25384270401,6481.9532
2024-06-26,73367.25384270401,73411.27419500962,72420.9035535918,72464.38218290154,6433.8537
2024-06-27,72464.38218290154,72507.86081221128,71438.28560514085,71481.17430972669,6263.2303
2024-06-28,71481.17430972669,71524.06301431252,71322.80961328349,71365.6289906779,7032.5721
2024-07-01,71365.6289906779,71408.4483680723,70767.29167446546,70809.77754099006,6580.7114
2024-07-02,70809.77754099006,70852.26340751465,70133.23301476688,70175.3382176975,6446.5384
2024-07-03,70175.3382176975,70217.44342062811,68920.24225450892,68961.61922604455,5803.8148
2024-07-04,68961.61922604455,69002.99619758017,67856.12753644757,67896.86565584109,5831.4084
2024-07-05,67896.86565584109,67937.60377523459,66815.56825554899,66855.68166454772,5748.5026
2024-07-08,66855.68166454772,66895.79507354644,65950.6252699932,65990.21940163418,5820.1059
2024-07-09,65990.21940163418,66675.71530604926,65950.6252699932,66635.73386572982,7244.5364
2024-07-10,66635.73386572982,66788.18178368422,66595.75242541038,66748.13290394186,6775.9724
2024-07-11,66748.13290394186,67984.25079543033,66708.08402419949,67943.48470460757,7870.1651
2024-07-12,67943.48470460757,68059.91942853872,67902.7186137848,68019.10796376047,6869.9717
2024-07-15,68019.10796376047,68059.91942853872,67198.60590402197,67238.94927358613,6021.7521
2024-07-16,67238.94927358613,67279.29264315027,66881.98667576551,66922.13995974135,6407.0856
2024-07-17,66922.13995974135,67021.07254696629,66881.98667576551,66980.88401655636,6750.9581
2024-07-18,66980.88401655636,67045.51343139481,66940.69548614642,67005.31024524766,6722.5146
2024-07-19,67005.31024524766,67045.51343139481,66963.03473700458,67003.23667901198,6698.4575
2024-07-22,67003.23667901198,67043.43862101939,66827.96826824806,66868.0891217211,6565.1761
2024-07-23,66868.0891217211,66908.20997519413,66763.07652865454,66803.15842370877,6621.8782
2024-07-24,66803.15842370877,66843.24031876298,66355.13709564351,66394.97408009158,6272.1315
2024-07-25,66394.97408009158,66434.81106453962,65602.43939388766,65641.82448858081,5886.3478
2024-07-26,65641.82448858081,65681.20958327396,65099.65133535204,65138.734576097704,6061.0925
2024-07-29,65138.734576097704,65177.81781684336,64445.56563408678,64484.25618779946,5859.3951
2024-07-30,64484.25618779946,64522.94674151213,63992.18205168259,64030.60041192975,5994.7698
2024-07-31,64030.60041192975,66700.55539893005,63992.18205168259,66660.55906349196,9033.0187
2024-08-01,66660.55906349196,67857.68736944496,66620.56272805386,67816.99717114228,7822.494
2024-08-02,67816.99717114228,68299.85550169251,67776.3069728396,68258.90016159555,7223.6027
2024-08-05,68258.90016159555,69379.43835555096,68217.94482149859,69337.83565415847,7904.8255
2024-08-06,69337.83565415847,69379.43835555096,68904.58495708794,68945.9525286051,6541.9004
2024-08-07,68945.9525286051,68987.32010012226,67930.92223438765,67971.70525754217,5920.348
2024-08-08,67971.70525754217,68012.48828069669,67332.86345863322,67373.28743109187,6198.7527
2024-08-09,67373.28743109187,67413.71140355052,66226.96737694077,66266.7274133888,5630.7687
2024-08-12,66266.7274133888,66306.48744983683,64560.10910079657,64598.868421849686,4958.8137
2024-08-13,64598.868421849686,64637.62774290279,62874.459387441384,62912.206711468265,4773.2251
2024-08-14,62912.206711468265,62949.95403549514,61358.68339492047,61395.52070734488,4774.5347
2024-08-15,61395.52070734488,61432.35801976928,61134.491910851524,61171.1946276281,5915.226
2024-08-16,61171.1946276281,61207.89734440467,60929.06503810397,60965.64442475882,5911.5693
2024-08-19,60965.64442475882,61002.22381141367,60538.90836510761,60575.25351721794,5706.1735
2024-08-20,60575.25351721794,60611.59866932827,60059.49518535068,60095.5525168608,5577.8244
2024-08-21,60095.5525168608,60131.609848370914,59146.036398496304,59181.545325691724,5095.5481
2024-08-22,59181.545325691724,59217.05425288714,58719.66904315094,58754.921996348756,5491.5312
2024-08-23,58754.921996348756,58790.17494954656,57946.895196579666,57981.68420710393,5102.2544
2024-08-26,57981.68420710393,58016.47321762818,57414.30234967548,57448.771612643075,5265.2558
2024-08-27,57448.771612643075,57483.24087561066,56784.3743782408,56818.46545751531,5114.571
2024-08-28,56818.46545751531,56852.556536789816,56069.024609510954,56102.686221243704,4966.0673
2024-08-29,56102.686221243704,56598.83284324413,56069.024609510954,56564.89390689999,6072.4763
2024-08-30,56564.89390689999,59710.09574114,56530.954970555846,59674.29116644014,8765.8867
2024-09-02,59674.29116644014,60800.64914509421,59638.48659174027,60764.190630715784,7057.3286
2024-09-03,60764.190630715784,60800.64914509421,60457.48314190439,60493.77940955012,5806.0078
2024-09-04,60493.77940955012,60530.07567719585,60002.17631725946,60038.19923680154,5593.7978
2024-09-05,60038.19923680154,60074.22215634362,59347.133752689166,59382.763410735606,5348.3841
2024-09-06,59382.763410735606,59418.39306878205,58835.488702942916,58870.81118965671,5426.3241
2024-09-09,58870.81118965671,58906.133676370504,58135.19347992818,58170.095537250534,5186.3655
2024-09-10,58170.095537250534,58204.99759457288,57594.989492647546,57629.56723298734,5276.4812
2024-09-11,57629.56723298734,57664.14497332713,56828.0533327492,56862.170635130286,4995.5601
2024-09-12,56862.170635130286,56896.28793751136,56297.82835358062,56331.62732997861,5155.6738
2024-09-13,56331.62732997861,56365.4263063766,55912.49191793523,55946.05955366743,5247.595
2024-09-18,55946.05955366743,55979.62718939962,55111.649544451626,55144.736386283395,4793.2828
2024-09-19,55144.736386283395,55933.81117461391,55111.649544451626,55900.27101200671,6270.0083
2024-09-20,55900.27101200671,56091.360818751644,55866.73084939951,56057.72618304182,5747.4823
2024-09-23,56057.72618304182,56091.360818751644,55928.39551875355,55961.97270237497,5510.0191
2024-09-24,55961.97270237497,60115.249149297204,55928.39551875355,60079.20162832022,9713.4262
2024-09-25,60079.20162832022,65684.37955185282,60043.15410734322,65644.99255631903,11573.7111
2024-09-26,65644.99255631903,70747.27018512817,65605.60556078523,70704.84727676213,11624.354
2024-09-27,70704.84727676213,78141.26863164392,70662.42436839607,78094.41198445325,14460.0494
2024-09-30,78094.41198445325,96273.06640450575,78047.55533726257,96215.33720218444,25930.3664
2024-10-08,96215.33720218444,121185.86182071862,96157.60799986313,121113.193904376,34519.3904
2024-10-09,121113.193904376,138483.13838231005,121040.52598803338,138400.09832331608,29398.2238
2024-10-10,138400.09832331608,146077.57529207732,138317.05826432208,145989.98130329535,21429.8928
2024-10-11,145989.98130329535,147199.45246276096,145902.38731451338,147111.1857513102,15720.2026
2024-10-14,147111.1857513102,148839.17049028623,147022.9190398594,148749.92053796345,16349.8534
2024-10-15,148749.92053796345,150312.86334928448,148660.67058564068,150222.72971145762,16347.8012
2024-10-16,150222.72971145762,150312.86334928448,148864.81061764446,148954.18312752098,13753.7264
2024-10-17,148954.18312752098,149060.74734377975,148864.81061764446,148971.3645250647,14912.5997
2024-10-18,148971.3645250647,155144.01545610503,148881.98170634967,155050.98486518592,20976.7568
2024-10-21,155050.98486518592,161482.59401765038,154957.9542742668,161385.76256011432,21839.8762
2024-10-22,161385.76256011432,164471.0889908235,161288.93110257824,164372.4655115166,19125.2792
2024-10-23,164372.4655115166,167304.1424822171,164273.84203220968,167203.82019010306,19268.6012
2024-10-24,167203.82019010306,167304.1424822171,165589.38713633324,165688.8004165832,15205.3622
2024-10-25,165688.8004165832,166941.40310512585,165589.38713633324,166841.29832613017,17721.378
2024-10-28,166841.29832613017,168887.5056234321,166741.1935471345,168786.23388310225,18629.0654
2024-10-29,168786.23388310225,172632.22491209922,168684.9621427724,172528.70768748675,20621.0972
2024-10-30,172528.70768748675,173846.6330214552,172425.19046287425,173742.38758890188,18466.5507
2024-10-31,173742.38758890188,178648.51082445768,173638.14215634853,178541.385992862,22173.2372
2024-11-01,178541.385992862,183100.924564851,178434.26116126627,182991.12988691888,22303.8825
2024-11-04,182991.12988691888,183100.924564851,181522.09429147796,181631.07293523912,16939.056
2024-11-05,181631.07293523912,186616.17412076727,181522.09429147796,186504.27155783257,23036.3059
2024-11-06,186504.27155783257,193598.35663112986,186392.36899489787,193482.26727076742,25628.4229
2024-11-07,193482.26727076742,199304.3216732178,193366.17791040495,199184.81078674577,25050.7702
2024-11-08,199184.81078674577,206205.23310290353,199065.2999002737,206081.5841524121,26815.2544
2024-11-11,206081.5841524121,210677.0335794005,205957.93520192066,210550.703157506,25077.2774
2024-11-12,210550.703157506,215131.8297335405,210424.37273561148,215002.82803671848,25507.1952
2024-11-13,215002.82803671848,215131.8297335405,213466.84700647093,213595.00400887625,20092.4588
2024-11-14,213595.00400887625,213723.16101128157,210494.1919381425,210620.56427670852,18385.0607
2024-11-15,210620.56427670852,210746.93661527452,207699.1819381925,207823.87626395086,18265.3684
2024-11-18,207823.87626395086,207948.5705897092,204495.66568569612,204618.43674774477,17576.9481
2024-11-19,204618.43674774477,204741.2078097934,199617.69380810525,199737.5363299032,15580.9433
2024-11-20,199737.5363299032,199857.37885170113,195788.86312701693,195906.40697119967,16142.6243
2024-11-21,195906.40697119967,196023.95081538238,192313.46447573192,192428.92182882922,16113.1556
2024-11-22,192428.92182882922,192544.37918192652,190968.22520132293,191082.87492627872,17896.8453
2024-11-25,191082.87492627872,191197.52465123447,186764.39208340715,186876.51799420366,14901.9306
2024-11-26,186876.51799420366,186988.64390500018,181129.8707481394,181238.6139164893,13049.7477
2024-11-27,181238.6139164893,181347.35708483917,177595.55923253403,177702.18054085854,14587.428
2024-11-28,177702.18054085854,177808.80184918304,174731.66027176948,174836.56220909493,14904.5997
2024-11-29,174836.56220909493,174941.4641464204,174331.68241452667,174436.34422105932,17083.4382
2024-12-02,174436.34422105932,174964.75741663022,174331.68241452667,174859.8415117232,17867.1317
2024-12-03,174859.8415117232,174964.75741663022,174428.21509552762,174532.93485644148,17159.0775
2024-12-04,174532.93485644148,174637.65461735535,173606.6714091209,173710.89794788964,16631.2566
2024-12-05,173710.89794788964,173815.12448665837,171223.21363519915,171326.00924074362,14986.2011
2024-12-06,171326.00924074362,172185.1315735819,171223.21363519915,172081.88244411544,17888.4741
2024-12-09,172081.88244411544,172185.1315735819,171116.03772515382,171218.76898654577,16345.0748
2024-12-10,171218.76898654577,176204.76764742428,171116.03772515382,176099.10818251478,22002.2161
2024-12-11,176099.10818251478,176358.71610114502,175993.44871760526,176252.9643225515,17763.767
2024-12-12,176252.9643225515,177403.13951905933,176147.21254395795,177296.76146218204,18669.0936
2024-12-13,177296.76146218204,180367.512855266,177190.38340530472,180259.35724092144,20692.2719
2024-12-16,180259.35724092144,180367.512855266,179123.89393759964,179231.43279727802,16998.0113
2024-12-17,179231.43279727802,179338.97165695636,176306.01385127852,176411.86096785925,15103.5715
2024-12-18,176411.86096785925,176517.70808443995,172272.47957564882,172375.90511872005,13605.2302
2024-12-19,172375.90511872005,172479.33066179126,169477.45354755275,169579.20106819368,14440.8865
2024-12-20,169579.20106819368,169680.94858883458,167671.87241048174,167772.53593204098,15151.255
2024-12-23,167772.53593204098,167873.1994536002,166203.39646175978,166303.17836878105,15307.896
2024-12-24,166303.17836878105,166402.96027580232,162650.8708716591,162748.5199836493,13075.6595
2024-12-25,162748.5199836493,162846.1690956395,159191.14176509329,159286.7137933693,12813.0458
2024-12-26,159286.7137933693,159382.28582164532,155988.98917008995,156082.63875334195,12724.5963
2024-12-27,156082.63875334195,156176.28833659395,154719.99504627267,154812.88277593823,14338.5079
2024-12-30,154812.88277593823,154905.77050560378,152001.97285333785,152093.22879061222,12761.6343
2024-12-31,152093.22879061222,152184.4847278866,150251.32943896652,150341.5343595823,13457.6284
2025-01-02,150341.5343595823,150431.73928019803,149183.1353417852,149272.69896116192,13965.318
2025-01-03,149272.69896116192,149362.2625805386,146935.84127863322,147024.05571206045,12678.6266
2025-01-06,147024.05571206045,147112.27014548768,142822.23906283567,142907.98385314757,10586.3337
2025-01-07,142907.98385314757,142993.72864345944,139299.9274006283,139383.55753514942,10766.3721
2025-01-08,139383.55753514942,139467.1876696705,137792.13717619458,137874.86209345065,12429.6603
2025-01-09,137874.86209345065,137957.58701070672,135125.53170147148,135206.6556948884,11119.2798
2025-01-10,135206.6556948884,135287.77968830534,133088.836788754,133168.73803157295,11482.7479
2025-01-13,133168.73803157295,133248.6392743919,129437.92707191581,129515.63645378809,9663.7722
2025-01-14,129515.63645378809,130149.12104932501,129437.92707191581,130071.07840228365,13507.0056
2025-01-15,130071.07840228365,130149.12104932501,128874.89514139429,128952.26650129507,11888.2959
2025-01-16,128952.26650129507,129029.63786119585,128717.78995477073,128795.06699496772,12738.0271
2025-01-17,128795.06699496772,128872.3440351647,127194.53942931321,127270.90197049551,11355.3417
2025-01-20,127270.90197049551,127347.2645116778,126297.26763227124,126373.09148716355,11829.2797
2025-01-21,126373.09148716355,126448.91534205584,125712.68455068163,125788.15744514872,12052.3751
2025-01-22,125788.15744514872,125863.6303396158,124493.15154402546,124567.8922793931,11358.5506
2025-01-23,124567.8922793931,125739.34644556278,124493.15154402546,125663.94807671676,13552.845
2025-01-24,125663.94807671676,125739.34644556278,125242.52899349133,125317.7196252665,12220.1664
2025-01-27,125317.7196252665,125392.91025704166,123890.29551904181,123964.674323636,11178.7267
2025-02-05,123964.674323636,124538.40788063797,123890.29551904181,124463.72964285227,12895.5228
2025-02-06,124463.72964285227,127447.38524798647,124389.05140506655,127370.96267038425,15353.606
2025-02-07,127370.96267038425,134316.8583033863,127294.54009278202,134236.31651347823,19602.4501
2025-02-10,134236.31651347823,138203.79665929702,134155.77472357015,138120.92410483412,17308.2392
2025-02-11,138120.92410483412,140752.7092958044,138038.05155037122,140668.30831081793,16359.4766
2025-02-12,140668.30831081793,143459.65228626836,140583.90732583142,143373.62810940272,16772.1506
2025-02-13,143373.62810940272,147322.539922064,143287.60393253708,147234.19940242256,18197.9341
2025-02-14,147234.19940242256,149750.61065058454,147145.8588827811,149660.8141620873,17150.0347
2025-02-17,149660.8141620873,154201.94228457782,149571.01767359005,154109.47659861867,19414.7439
2025-02-18,154109.47659861867,156783.6471494892,154017.0109126595,156689.63336946754,17991.1044
2025-02-19,156689.63336946754,158325.80477287094,156595.61958944585,158230.86625311908,17210.1962
2025-02-20,158230.86625311908,160069.64541141526,158135.9277333672,159973.66121468646,17565.8816
2025-02-21,159973.66121468646,166001.90965666674,159877.67701795764,165902.36823572533,21926.0731
2025-02-24,165902.36823572533,170219.028811983,165802.82681478388,170116.95863680093,20804.8272
2025-02-25,170116.95863680093,172176.12653623425,170014.88846161886,172072.88280655033,18967.62
2025-02-26,172072.88280655033,174353.5919650364,171969.63907686638,174249.0425395127,19383.448
2025-02-27,174249.0425395127,176976.11025818967,174144.49311398898,176869.98826523055,20045.85
2025-02-28,176869.98826523055,177959.93965899028,176763.8662722714,177853.22772235688,18670.2383
2025-03-03,177853.22772235688,177959.93965899028,176208.87920222356,176314.66800302538,16246.7631
2025-03-04,176314.66800302538,176420.45680382717,172935.1584279781,173038.98181706836,14355.7806
2025-03-05,173038.98181706836,173142.80520615858,170570.8261655196,170673.23010358177,14938.1465
2025-03-06,170673.23010358177,172774.07768032255,170570.8261655196,172670.4753950855,19064.5683
2025-03-07,172670.4753950855,173689.97421578012,172566.87310984844,173585.82272214684,18182.3949
2025-03-10,173585.82272214684,173689.97421578012,171181.06910091953,171283.83940456228,15056.599
2025-03-11,171283.83940456228,171386.609708205,168873.0278364657,168974.41248395608,14818.957
2025-03-12,168974.41248395608,169075.79713144645,168813.18078109907,168914.52949879837,16837.5583
2025-03-13,168914.52949879837,169015.87821649763,167989.50593595204,168090.3601520433,16067.2836
2025-03-14,168090.3601520433,169301.04725002038,167989.50593595204,169199.52753350028,17918.2034
2025-03-17,169199.52753350028,169301.04725002038,167908.8209888174,168009.62676487633,15730.052
2025-03-18,168009.62676487633,168110.43254093526,166305.70280709345,166405.5461347743,15196.882
2025-03-19,166405.5461347743,166505.38946245518,164330.75898700778,164429.41663698998,14664.4251
2025-03-20,164429.41663698998,164528.07428697217,162304.56169054974,162402.00289228512,14415.5279
2025-03-21,162402.00289228512,162499.44409402047,161573.36361015684,161670.36582965465,15508.5632
2025-03-24,161670.36582965465,161767.36804915243,159914.71624320687,160010.72267681296,14507.3934
2025-03-25,160010.72267681296,160106.72911041905,156498.3914433831,156592.346851494,12582.6964
2025-03-26,156592.346851494,156686.30225960488,152384.67979159649,152476.16549089103,11543.0533
2025-03-27,152476.16549089103,152567.65119018554,149045.962777506,149135.44404393237,11906.8951
2025-03-28,149135.44404393237,149224.92531035873,145324.39620276343,145411.64318867665,11189.7435
2025-03-31,145411.64318867665,145498.89017458985,142999.92745891018,143085.77892626595,12215.3001
2025-04-01,143085.77892626595,143171.6303936217,140015.80632808796,140099.86624783668,11322.6652
2025-04-02,140099.86624783668,140183.92616758536,135753.3049991141,135834.8058826437,9744.9263
2025-04-03,135834.8058826437,135916.30676617328,133547.3522746451,133627.52879192025,11376.2035
2025-04-07,133627.52879192025,136224.4519968425,133547.3522746451,136142.76633704026,15877.9904
2025-04-08,136142.76633704026,138868.1925748149,136061.08067723803,138784.9216218418,16256.4319
2025-04-09,138784.9216218418,141987.62228444012,138701.65066886868,141902.48079596256,16996.0513
2025-04-10,141902.48079596256,143893.1956595162,141817.33930748497,143806.91151260864,16094.6788
2025-04-11,143806.91151260864,143893.1956595162,142827.12683751903,142912.8745622564,13486.6542
2025-04-14,142912.8745622564,142998.62228699372,141311.48610217863,141396.32389651655,12774.7368
2025-04-15,141396.32389651655,141481.16169085444,137945.81261234183,138028.62979021596,10771.9383
2025-04-16,138028.62979021596,138111.44696809008,135263.60127652448,135344.80816142133,11119.0414
2025-04-17,135344.80816142133,135426.01504631818,131725.79641697093,131804.8793445777,9994.552
2025-04-18,131804.8793445777,131883.96227218444,127694.28858509102,127770.9511557845,9146.5597
2025-04-21,127770.9511557845,127847.61372647795,125332.6563424253,125407.90108307515,10414.045
2025-04-22,125407.90108307515,125483.14582372499,123692.87197878736,123767.13225814224,10900.0213
2025-04-23,123767.13225814224,123841.39253749711,123613.35120908447,123687.56374733288,12297.1447
2025-04-24,123687.56374733288,123761.77628558128,122335.55318549105,122408.99858464184,11090.1912
2025-04-25,122408.99858464184,122482.44398379262,121230.98729398043,121303.76955571386,11135.6708
2025-04-28,121303.76955571386,121376.55181744728,119665.61767537626,119737.46015146714,10564.0676
2025-04-29,119737.46015146714,119809.302627558,117914.12462511074,117984.91557445542,10221.2014
2025-04-30,117984.91557445542,118055.70652380008,117809.12091794737,117879.84882724372,11693.4248
2025-05-06,117879.84882724372,119525.44872351967,117809.12091794737,119453.77645764509,13361.9125
2025-05-07,119453.77645764509,122265.04869990196,119382.1041917705,122191.73365970615,14683.3348
2025-05-08,122191.73365970615,122980.32753144675,122118.41861951032,122906.58358129798,12934.0233
2025-05-09,122906.58358129798,122980.32753144675,122462.62785788278,122536.14954761135,11920.2243
2025-05-12,122536.14954761135,123440.76491126181,122462.62785788278,123366.74486434321,13084.2103
2025-05-13,123366.74486434321,124019.93927990437,123292.7248174246,123945.57193674233,12915.5016
2025-05-14,123945.57193674233,124793.30710178445,123871.20459358027,124718.47601617475,13167.4613
2025-05-15,124718.47601617475,124793.30710178445,123696.41893110577,123770.68133990972,11524.0529
2025-05-16,123770.68133990972,123844.94374871366,122215.6708708867,122289.04429746518,10895.4311
2025-05-19,122289.04429746518,122362.41772404365,120852.31799964533,120924.87292339937,10864.7331
2025-05-20,120924.87292339937,120997.42784715339,120457.09426703668,120529.4119141852,11697.0263
2025-05-21,120529.4119141852,120601.7295613337,120139.12240456477,120211.24915405721,11734.7784
2025-05-22,120211.24915405721,120283.37590354963,119145.49066852048,119217.02088104912,11026.8966
2025-05-23,119217.02088104912,119288.55109357774,118779.89999024544,118851.21071667544,11555.8919
2025-05-26,118851.21071667544,118922.52144310543,116995.45387076131,117065.69328673335,10099.6036
2025-05-27,117065.69328673335,117135.93270270538,115279.17628706788,115348.38531825884,9989.2614
2025-05-28,115348.38531825884,115417.59434944978,113844.70359785504,113913.05142871228,10099.5046
2025-05-29,113913.05142871228,114444.59170879712,113844.70359785504,114375.96612911965,11854.2198
2025-05-30,114375.96612911965,114444.59170879712,114261.55755327015,114330.15564665815,11391.7861
2025-06-03,114330.15564665815,114398.75374004614,114242.64547053416,114311.23220986009,11414.0921
2025-06-04,114311.23220986009,114479.2284476024,114242.64547053416,114410.58209834341,11530.4731
2025-06-05,114410.58209834341,115943.09846471099,114341.9357490844,115873.57432011892,12904.0504
2025-06-06,115873.57432011892,115943.09846471099,115736.92395296873,115806.40779764732,11520.1909
2025-06-09,115806.40779764732,117160.1343967323,115736.92395296873,117089.88046845124,12864.1135
2025-06-10,117089.88046845124,119606.3406444954,117019.62654017017,119534.61987257187,14153.7275
2025-06-11,119534.61987257187,120207.91133175715,119462.89910064833,120135.82983385684,12554.6719
2025-06-12,120135.82983385684,120912.60081765013,120063.74833595652,120840.09675959438,12717.8499
2025-06-13,120840.09675959438,123502.59523610206,120767.59270153861,123428.53811323413,14672.451
2025-06-16,123428.53811323413,123502.59523610206,123162.62207242228,123236.56401082878,12150.8797
2025-06-17,123236.56401082878,123310.50594923526,122911.335255841,122985.12633163999,12072.2187
2025-06-18,122985.12633163999,123058.91740743896,122523.9321160541,122597.49061042035,11910.8769
2025-06-19,122597.49061042035,122917.82494669947,122523.9321160541,122844.11847561412,12506.3769
2025-06-20,122844.11847561412,122917.82494669947,121164.34489792548,121237.08715021561,10677.3805
2025-06-23,121237.08715021561,121309.82940250573,120267.46771479218,120339.67151770281,11226.2931
2025-06-24,120339.67151770281,122525.31370144204,120267.46771479218,122451.84259588452,14146.1382
2025-06-25,122451.84259588452,126310.28456913575,122378.37149032699,126234.54384283005,16027.8855
2025-06-26,126234.54384283005,129520.53565627897,126158.80311652434,129442.86993431838,15831.7805
2025-06-27,129442.86993431838,131988.89662508477,129365.20421235778,131909.75077462,15411.1678
2025-06-30,131909.75077462,133667.7733888549,131830.60492415522,133587.6208163651,14868.8451
2025-07-01,133587.6208163651,134970.15024108608,133507.46824387525,134889.21671105945,14660.358
2025-07-02,134889.21671105945,135251.20356491813,134808.2831810328,135170.10150401574,13769.8065
2025-07-03,135170.10150401574,135251.20356491813,134669.8041688253,134750.65456156223,13097.5632
2025-07-04,134750.65456156223,135642.50111014437,134669.8041688253,135561.16441149748,14285.5753
2025-07-07,135561.16441149748,135642.50111014437,134011.09447482464,134091.54940446734,12086.5014
2025-07-08,134091.54940446734,135303.01855697465,134011.09447482464,135221.88542571923,14539.491
2025-07-09,135221.88542571923,136833.61749615255,135140.7522944638,136751.56655621884,15051.8697
2025-07-10,136751.56655621884,138100.91811657776,136669.5156162851,138018.10725222641,14941.6974
2025-07-11,138018.10725222641,141422.42753977297,137935.29638787507,141337.6249647941,17121.3284
2025-07-14,141337.6249647941,141876.446439275,141252.8223898152,141791.37161630523,14587.5091
2025-07-15,141791.37161630523,143819.10828230908,141706.29679333544,143732.8685611724,16120.6341
2025-07-16,143732.8685611724,143866.27695023004,143646.62884003567,143780.00894486313,14420.4272
2025-07-17,143780.00894486313,144882.63331268358,143693.7409394962,144795.7558591681,15393.7478
2025-07-18,144795.7558591681,146114.3440088269,144708.8784056526,146026.7279720437,15710.5477
2025-07-21,146026.7279720437,148512.91144988957,145939.11193526047,148423.8571356082,16999.802
2025-07-22,148423.8571356082,152603.36141158387,148334.80282132683,152511.85429900448,18930.3829
2025-07-23,152511.85429900448,156000.21078894075,152420.34718642506,155906.66678886744,18645.9979
2025-07-24,155906.66678886744,158858.31510420615,155813.1227887941,158763.05726984426,18447.0572
2025-07-25,158763.05726984426,160856.57537746461,158667.79943548233,160760.1193058811,17873.3678
2025-07-28,160760.1193058811,162204.4445358179,160663.66323429756,162107.1802276813,17423.0729
2025-07-29,162107.1802276813,164026.52507549588,162009.91591954467,163928.16817459115,18031.706
2025-07-30,163928.16817459115,166077.7331116638,163829.81127368638,165978.14622392945,18442.7949
2025-07-31,165978.14622392945,168841.9295490954,165878.5593361951,168740.6851380126,19360.3535
2025-08-01,168740.6851380126,168841.9295490954,167749.4119030954,167850.12197628117,15983.5054
2025-08-04,167850.12197628117,167950.83204946693,165950.98052508192,166050.6108916169,14985.5011
2025-08-05,166050.6108916169,166150.24125815186,165307.11473459404,165406.3585497239,15960.8087
2025-08-06,165406.3585497239,166306.12710154857,165307.11473459404,166206.40325959283,17340.6806
2025-08-07,166206.40325959283,167941.36237533356,166106.67941763706,167840.65798054525,18254.895
2025-08-08,167840.65798054525,168259.7539798966,167739.9535857569,168158.8586646978,17102.2665
2025-08-11,168158.8586646978,169714.47021028041,168057.96334949895,169612.7025887272,18269.7298
2025-08-12,169612.7025887272,171569.51269231155,169510.93496717396,171466.63271268396,18815.2004
2025-08-13,171466.63271268396,175934.83342161693,171363.75273305635,175829.33582012486,21509.3664
2025-08-14,175829.33582012486,181147.11471011472,175723.8382186328,181038.49161514564,22792.0894
2025-08-15,181038.49161514564,185491.99062872105,180929.86852017653,185380.7621714182,22446.1197
2025-08-18,185380.7621714182,194601.007078646,185269.53371411533,194484.31648875278,27641.6305
2025-08-19,194484.31648875278,201040.12600028294,194367.62589885952,200919.5742557295,25883.6894
2025-08-20,200919.5742557295,205032.90392240783,200799.02251117607,204909.95794763925,24082.3411
2025-08-21,204909.95794763925,208784.7255078563,204787.01197287065,208659.5297899823,24240.5676
2025-08-22,208659.5297899823,213388.62946752235,208534.3340721083,213260.67306368414,25467.0963
2025-08-25,213260.67306368414,223479.98699315437,213132.71665984593,223345.97940551108,31411.3736
2025-08-26,223345.97940551108,227938.26132517212,223211.97181786777,227801.58037694596,26790.1989
2025-08-27,227801.58037694596,236819.07612415528,227664.89942871977,236677.06988222597,31655.6475
2025-08-28,236677.06988222597,242863.02046688093,236535.06364029663,242717.39003286124,29708.0271
2025-08-29,242717.39003286124,246576.48098771178,242571.7595988415,246428.62381342374,27982.9728
2025-09-01,246428.62381342374,249434.9383542033,246280.76663913566,249285.36713392296,27499.6057
2025-09-02,249285.36713392296,253258.60745356246,249135.7959136426,253106.74340751796,28749.913
2025-09-03,253106.74340751796,253258.60745356246,251286.0713417961,251436.93350189726,23640.8644
2025-09-04,251436.93350189726,251886.8552800713,251286.0713417961,251735.81379179624,25442.5736
2025-09-05,251735.81379179624,251886.8552800713,249459.05227055412,249608.81756109078,23046.5851
2025-09-08,249608.81756109078,249758.5828516274,248685.9343413525,248835.23548264208,24187.2997
2025-09-09,248835.23548264208,248984.53662393164,244989.86480180692,245136.94696998893,21185.235
2025-09-10,245136.94696998893,245284.0291381709,240260.23534445418,240404.47803127294,19781.2258
2025-09-11,240404.47803127294,240885.66151363848,240260.23534445418,240741.21678356835,24377.1866
2025-09-12,240741.21678356835,242021.47565274622,240596.7720534982,241876.34984284051,25209.2547
2025-09-15,241876.34984284051,242021.47565274622,240318.64005782283,240462.91780850795,22774.2029
2025-09-16,240462.91780850795,240607.19555919303,239686.94966361544,239830.84817251895,23414.2221
2025-09-17,239830.84817251895,239974.74668142243,239471.45843361493,239615.22757015703,23767.4642
2025-09-18,239615.22757015703,247153.62189902744,239471.45843361493,247005.41864783876,31351.7138
2025-09-19,247005.41864783876,247153.62189902744,245395.93356049643,245543.25951620616,23238.3827
2025-09-22,245543.25951620616,245690.58547191587,242058.51309736326,242203.83539860244,21214.9018
2025-09-23,242203.83539860244,243073.10098096298,242058.51309736326,242927.34457421847,24943.8927
2025-09-24,242927.34457421847,243073.10098096298,241757.37828421025,241902.5197960879,23267.9097
2025-09-25,241902.5197960879,242047.66130796555,241278.37317394026,241423.22711020638,23710.9593
2025-09-26,241423.22711020638,241568.08104647248,238606.55307236745,238749.80295413994,21468.8986
2025-09-29,238749.80295413994,238893.05283591241,236347.5871565227,236489.48084502973,21614.6582
2025-09-30,236489.48084502973,236631.37453353673,234513.900899049,234654.69371527818,21814.161
2025-10-09,234654.69371527818,237863.87314520875,234513.900899049,237721.24040096818,26532.0161
2025-10-10,237721.24040096818,239248.77856982299,237578.60765672757,239105.31538059463,25156.199
2025-10-13,239105.31538059463,239248.77856982299,238599.0559317942,238742.30131258175,23547.5175
2025-10-14,238742.30131258175,240774.78304041547,238599.0559317942,240630.40479753696,25762.3336
2025-10-15,240630.40479753696,240774.78304041547,237153.5719857422,237295.9495554755,20728.5852
2025-10-16,237295.9495554755,237438.32712520877,232738.00628160543,232877.73292135826,19311.3783
2025-10-17,232877.73292135826,233017.45956111106,228833.7405168422,228971.12319075665,19381.1636
2025-10-20,228971.12319075665,229108.50586467108,223315.9928783844,223450.06291613408,17376.052
2025-10-21,223450.06291613408,223584.13295388373,219712.09356420362,219843.99996418215,18738.9433
2025-10-22,219843.99996418215,219975.90636416065,214409.44027164907,214538.16316955083,16678.5632
2025-10-23,214538.16316955083,214666.88606745255,209397.7282068004,209523.44227216372,16439.0954
2025-10-24,209523.44227216372,209649.156337527,208188.20109197535,208313.18900537858,19742.091
2025-10-27,208313.18900537858,211009.71537133702,208188.20109197535,210883.185460061,23401.3154
2025-10-28,210883.185460061,211400.22777356522,210756.65554878497,211273.463695348,21478.5968
2025-10-29,211273.463695348,212834.04239492439,211146.6996171308,212706.41854379812,22560.3012
2025-10-30,212706.41854379812,215781.93631885317,212578.79469267183,215652.544791978,24216.7681
2025-10-31,215652.544791978,217395.57338998685,215523.1532651028,217265.21426143,23177.9239
2025-11-03,217265.21426143,217395.57338998685,216480.03435796028,216610.0003581752,21071.3075
2025-11-04,216610.0003581752,216739.96635839008,213978.11664791912,214106.58059627688,19157.5803
2025-11-05,214106.58059627688,214235.04454463464,211292.48342713347,211419.33502815038,18723.4125
2025-11-06,211419.33502815038,211546.18662916726,210703.3804436583,210829.87837068073,20552.4768
2025-11-07,210829.87837068073,210956.37629770313,209611.58064860277,209737.42310246426,19990.5326
2025-11-10,209737.42310246426,210634.52547905213,209611.58064860277,210508.2205467241,21744.5398
2025-11-11,210508.2205467241,210634.52547905213,209267.62291103895,209393.25886635878,19935.8604
2025-11-12,209393.25886635878,209518.89482167858,207779.53263277555,207904.27519789428,19450.3422
2025-11-13,207904.27519789428,208029.01776301302,207408.94871173473,207533.46879301054,20419.6211
2025-11-14,207533.46879301054,207657.98887428633,206237.09460234887,206360.9111490383,19580.7892
2025-11-17,206360.9111490383,206484.7276957277,204709.83118401983,204832.73082251335,19107.9108
2025-11-18,204832.73082251335,204955.63046100683,203487.96888137714,203610.13496235455,19260.6772
2025-11-19,203610.13496235455,203732.30104333194,200387.90108297567,200508.20600657962,17259.0845
2025-11-20,200508.20600657962,200628.51093018355,197420.74911555505,197539.27267916256,17081.8873
2025-11-21,197539.27267916256,197657.79624277004,197323.4871608411,197441.95233224044,19656.6069
2025-11-24,197441.95233224044,197560.41750363976,194858.5070942177,194975.4923896515,17277.7353
2025-11-25,194975.4923896515,195092.4776850853,193483.2570740598,193599.41672409428,18121.4736
2025-11-26,193599.41672409428,193715.57637412872,191957.69612818098,192072.93989211626,17833.4648
2025-11-27,192072.93989211626,192188.18365605152,189849.6038933013,189963.58204252683,17097.9361
2025-11-28,189963.58204252683,190077.56019175233,186713.09097097127,186825.18608262084,15857.9622
2025-12-01,186825.18608262084,186994.17491874917,186713.09097097127,186882.04569133438,18739.3782
2025-12-02,186882.04569133438,186994.17491874917,184017.6668636262,184128.14374987612,15934.3026
2025-12-03,184128.14374987612,184238.62063612603,182305.50313228648,182414.95210354863,16699.6227
2025-12-04,182414.95210354863,182524.40107481074,179555.2572979083,179663.0551309869,15489.5982
2025-12-05,179663.0551309869,179770.85296406547,178847.0900122462,178954.4626898601,17257.7131
2025-12-08,178954.4626898601,181534.33535685248,178847.0900122462,181425.48006881122,20366.4636
2025-12-09,181425.48006881122,182431.85856770043,181316.62478076993,182322.46508864727,19039.533
2025-12-10,182322.46508864727,182431.85856770043,181766.1422590601,181875.26741951183,17785.0488
2025-12-11,181875.26741951183,182368.2224123017,181766.1422590601,182258.86709204648,18571.1264
2025-12-12,182258.86709204648,185066.01605983192,182149.51177179124,184955.04303401153,20922.0627
2025-12-15,184955.04303401153,185066.01605983192,184083.41720770416,184193.93356784488,17734.3948
2025-12-16,184193.93356784488,184304.44992798558,182906.46160676566,183016.27136958743,17241.7312
2025-12-17,183016.27136958743,183126.08113240916,182716.40442933587,182826.1000893895,18111.4559
2025-12-18,182826.1000893895,182935.79574944315,180989.66047441456,181098.31946609422,16554.8294
2025-12-19,181098.31946609422,181206.97845777386,180139.48585835876,180247.6344390222,17259.1469
2025-12-22,180247.6344390222,180950.77349888248,180139.48585835876,180842.2681379997,18619.3971
2025-12-23,180842.2681379997,181865.50230834747,180733.76277711688,181756.4484392839,18998.4071
2025-12-24,181756.4484392839,182492.9162064702,181647.39457022032,182383.48611480132,18802.6825
2025-12-25,182383.48611480132,183500.39942340346,182274.05602313243,183390.3652042809,19245.2277
2025-12-26,183390.3652042809,186765.23487035063,183280.33098515833,186653.2429245959,21601.9142
2025-12-29,186653.2429245959,189494.92283085146,186541.25097884113,189381.29405441883,21393.3754
2025-12-30,189381.29405441883,191984.48106290447,189267.66527798618,191869.35944723614,21426.1948
2025-12-31,191869.35944723614,193250.65411375088,191754.2378315678,193134.77324980102,20452.3497
2026-01-05,193134.77324980102,199404.3394184023,193018.89238585113,199284.76855726793,25463.4726
2026-01-06,199284.76855726793,207546.4956487027,199165.19769613357,207422.04242324876,28065.7507
2026-01-07,207422.04242324876,215351.16738151637,207297.5891977948,215222.03416101978,28542.196
2026-01-08,215222.03416101978,221836.699219492,215092.90094052316,221703.67701328403,28003.8463
2026-01-09,221703.67701328403,230899.43796003395,221570.65480707606,230760.98137121124,31227.6721
2026-01-12,230760.98137121124,243845.60438907793,230622.5247823885,243699.384758223,36014.5015
2026-01-13,243699.384758223,255993.5980374831,243553.16512736806,255840.09398109448,36510.6477
2026-01-14,255840.09398109448,269832.72951620823,255686.58992470583,269670.9269600322,39414.8424
2026-01-15,269670.9269600322,271922.52355174185,269509.12440385617,271759.46787101927,29055.6336
2026-01-16,271759.46787101927,275011.65356319316,271596.4121902966,274846.74551588367,30263.2244
2026-01-19,274846.74551588367,275011.65356319316,274281.67723215895,274446.34503918246,27084.2741
2026-01-20,274446.34503918246,274944.5645978092,274281.67723215895,274779.6967797414,27777.9862
2026-01-21,274779.6967797414,274944.5645978092,273144.7563034328,273308.74154836184,26007.0144
2026-01-22,273308.74154836184,273472.7267932908,272731.45658028993,272895.19369650783,26917.3263
2026-01-23,272895.19369650783,276623.78968450567,272731.45658028993,276457.91493554437,30852.2406
2026-01-26,276457.91493554437,281462.9259194218,276292.040186583,281294.14942976396,32482.026
2026-01-27,281294.14942976396,282283.81819077005,281125.3729401061,282114.54946109344,28949.815
2026-01-28,282114.54946109344,283727.33172955055,281945.2807314168,283557.19741110393,29654.1029
2026-01-29,283557.19741110393,287674.06247831334,283387.06309265725,287501.5615413885,32300.0839
2026-01-30,287501.5615413885,287674.06247831334,286934.51813875913,287106.782208084,28355.3768
2026-02-02,287106.782208084,287279.04627740884,284073.20889203885,284243.75514512596,25847.6512
2026-02-03,284243.75514512596,284414.301398213,281092.937715011,281261.6947318501,25442.3151
2026-02-04,281261.6947318501,281430.45174868923,277778.4697944482,277945.23693661013,24809.7117
2026-02-05,277945.23693661013,278112.0040787721,271749.7606906058,271912.9084356672,21762.1952
2026-02-06,271912.9084356672,272076.0561807286,266019.1037011723,266178.81098776497,21457.1934
2026-02-09,266178.81098776497,266338.5182743576,261898.4292308718,262055.6626284489,22494.7327
2026-02-10,262055.6626284489,262212.89602602593,256751.3061111701,256905.4493807986,21055.353
2026-02-11,256905.4493807986,257059.59265042705,250906.79361557565,251057.4280724191,19842.5236
2026-02-12,251057.4280724191,251208.06252926253,247220.64733896105,247369.0687802292,21417.3835
2026-02-13,247369.0687802292,247517.4902214973,242313.48591137838,242458.96128815127,19826.7994
2026-02-24,242458.96128815127,242604.43666492414,240089.54336465424,240233.68357479913,22020.6184
2026-02-25,240233.68357479913,240980.2946533887,240089.54336465424,240835.79317748224,24625.478
2026-02-26,240835.79317748224,242281.95429229713,240691.29170157574,242136.6722889238,25384.4584
2026-02-27,242136.6722889238,242948.92211953874,241991.3902855504,242803.2401754335,24880.2351
2026-03-02,242803.2401754335,248879.34174903453,242657.5582313282,248730.10368682246,30207.1875
2026-03-03,248730.10368682246,255305.28896880333,248580.86562461036,255152.19765021323,31295.1043
2026-03-04,255152.19765021323,255305.28896880333,253142.54088167907,253294.51759223442,23657.5397
2026-03-05,253294.51759223442,253446.49430278974,251714.32473427974,251865.44400068017,23900.3782
2026-03-06,251865.44400068017,252016.56326708058,248531.1834878991,248680.39172293287,22001.4921
2026-03-09,248680.39172293287,250437.97357667776,248531.1834878991,250287.80089614008,26475.4483
2026-03-10,250287.80089614008,250437.97357667776,249088.35418257792,249237.89692073036,23978.8761
2026-03-11,249237.89692073036,249547.5228082575,249088.35418257792,249397.88407781083,25083.7768
2026-03-12,249397.88407781083,249547.5228082575,248727.74909018213,248877.07533538336,24418.9797
2026-03-13,248877.07533538336,249026.40158058458,247843.7442712718,247992.5397951489,24003.172
2026-03-16,247992.5397951489,248141.335319026,246298.72664277107,246446.5945995308,23253.3088
2026-03-17,246446.5945995308,246594.4625562905,243734.21670915172,243880.54503617343,22078.6099
2026-03-18,243880.54503617343,244026.8733631951,239809.15496370508,239953.12683980897,20460.6363
2026-03-19,239953.12683980897,240097.09871591284,236925.26399107627,237067.50449377255,21109.6903
2026-03-20,237067.50449377255,237209.7449964688,236087.60342265313,236229.34102726952,22868.587
2026-03-23,236229.34102726952,237064.0331228959,236087.60342265313,236921.87999489898,24315.4731
2026-03-24,236921.87999489898,237064.0331228959,233917.93965684934,234058.37468165834,20828.6827
2026-03-25,234058.37468165834,234198.80970646732,232311.36348025073,232450.83398063912,21798.2968
2026-03-26,232450.83398063912,232590.30448102747,228504.72512703037,228641.91027319428,19436.1597
2026-03-27,228641.91027319428,228779.09541935817,224175.86760694507,224310.45387927265,18532.7346
2026-03-30,224310.45387927265,224445.0401516002,220905.7232653244,221038.34627308827,19158.9378
2026-03-31,221038.34627308827,221170.96928085212,218729.707859024,218861.02447370824,19926.5128
2026-04-01,218861.02447370824,218992.34108839245,216969.82187310388,217100.08192225723,20125.1599
2026-04-02,217100.08192225723,217230.34197141058,213691.72108914118,213820.01309699938,18429.9394
2026-04-03,213820.01309699938,213948.30510485757,208877.68427800896,209003.0861296868,16565.0743
2026-04-07,209003.0861296868,209128.4879813646,204124.17788994365,204246.72592549896,16143.9484
2026-04-08,204246.72592549896,208292.19930589307,204124.17788994365,208167.29892653716,24345.2456
2026-04-09,208167.29892653716,208816.5452805767,208042.39854718122,208691.33048228736,21340.7614
2026-04-10,208691.33048228736,211177.514927082,208566.11568399798,211050.88439644413,23228.687
2026-04-13,211050.88439644413,211576.34907626518,210924.25386580627,211449.47938863203,21503.6834
2026-04-14,211449.47938863203,214270.25334937655,211322.60970099884,214141.76828840352,23837.2368
2026-04-15,214141.76828840352,217010.16745461032,214013.28322743045,216880.03943095176,24152.448
2026-04-16,216880.03943095176,218740.1041898621,216749.91140729317,218608.93882656615,23416.9033
2026-04-17,218608.93882656615,221136.48420406823,218477.77346327022,221003.88187494327,24255.8369
2026-04-20,221003.88187494327,224826.0092483223,220871.27954581828,224691.19453160337,25787.7008
2026-04-21,224691.19453160337,226443.2956340419,224556.3798148844,226307.5111273655,24085.436
2026-04-22,226307.5111273655,229412.17587046212,226171.72662068906,229274.61110379986,25597.8511
2026-04-23,229274.61110379986,234532.70943761393,229137.04633713758,234392.0741930981,28044.9242
2026-04-24,234392.0741930981,237513.88236800645,234251.43894858222,237371.45949231109,26418.5927
2026-04-27,237371.45949231109,239672.54430646249,237229.0366166157,239528.82701025635,25894.5135
2026-04-28,239528.82701025635,241083.58608671604,239385.1097140502,240939.0226731122,25363.0784
2026-04-29,240939.0226731122,242892.13937402843,240794.45925950832,242746.49147914097,25901.3711
2026-04-30,242746.49147914097,246028.48562742575,242600.84358425348,245880.95705319385,27409.1147
2026-05-06,245880.95705319385,253713.34025403502,245733.42847896193,253561.20353191587,32268.3422
2026-05-07,253561.20353191587,259800.42610705187,253409.06680979673,259644.6393234578,31439.5561
2026-05-08,259644.6393234578,264324.0940544187,259488.85253986373,264165.5946976001,30485.4193
2026-05-11,264165.5946976001,273301.53266033443,264007.09534078155,273137.6500702923,35388.6148
2026-05-12,273137.6500702923,278417.3987775205,272973.7674802501,278250.4485084155,32426.5634
2026-05-13,278250.4485084155,282995.23936978355,278083.4982393104,282825.54404335754,32400.1404
2026-05-14,282825.54404335754,288338.4257474176,282655.84871693153,288165.5264315587,33622.5368
2026-05-15,288165.5264315587,292969.41202224506,287992.62711569975,292793.7357807766,33444.762
2026-05-18,292793.7357807766,292969.41202224506,292278.6906368936,292454.1631347745,28939.8009
2026-05-19,292454.1631347745,292629.63563265535,291899.0862791453,292074.33087767195,28865.5841
2026-05-20,292074.33087767195,292579.4850377153,291899.0862791453,292404.04261214804,29537.1448
2026-05-21,292404.04261214804,298158.4728025874,292228.60018658073,297979.6849915924,34816.0466
